window,strategy,draws_tested,sample_size,avg_best_main_matches,avg_best_star_matches,hit_2_main_or_better_rate,hit_3_main_or_better_rate,hit_2_main_plus_1_star_or_better_rate
Last 60 draws,Pure random,60,1200,1.45,1.1167,0.4667,0.0167,0.2833
Last 60 draws,Era 3 diversified random,60,1200,1.3167,1.0833,0.3333,0.0167,0.1333
Last 60 draws,Pat-alyzer v2 scored,60,1200,1.1167,1.15,0.2833,0.0,0.1333
Last 60 draws,Hybrid-zone only,60,1200,1.0333,1.05,0.2,0.0,0.1167
Last 60 draws,Most-common-zone only,60,1200,0.9333,1.0667,0.1667,0.0,0.0833
Last 150 draws,Pat-alyzer v2 scored,150,800,1.3133,1.1,0.4,0.0467,0.2067
Last 150 draws,Hybrid-zone only,150,800,1.2267,1.08,0.32,0.0333,0.1933
Last 150 draws,Pure random,150,800,1.4333,1.1333,0.4133,0.02,0.16
Last 150 draws,Most-common-zone only,150,800,1.2,1.1,0.3067,0.02,0.1467
Last 150 draws,Era 3 diversified random,150,800,1.46,1.16,0.4267,0.0333,0.1267
Last 250 draws,Hybrid-zone only,250,600,1.288,1.116,0.356,0.04,0.212
Last 250 draws,Pure random,250,600,1.52,1.16,0.476,0.056,0.2
Last 250 draws,Era 3 diversified random,250,600,1.5,1.128,0.476,0.044,0.184
Last 250 draws,Most-common-zone only,250,600,1.296,1.112,0.38,0.044,0.164
Last 250 draws,Pat-alyzer v2 scored,250,600,1.18,1.116,0.3,0.032,0.148
Era 3 full,Pure random,1047,350,1.5492,1.1232,0.5033,0.0573,0.2063
Era 3 full,Era 3 diversified random,1047,350,1.5511,1.1213,0.5014,0.0535,0.1948
Era 3 full,Pat-alyzer v2 scored,1047,350,1.3266,1.1347,0.3782,0.0344,0.1681
Era 3 full,Most-common-zone only,1047,350,1.3095,1.1223,0.3668,0.0325,0.1633
Era 3 full,Hybrid-zone only,1047,350,1.297,1.1223,0.3505,0.0392,0.1624
