zone_signature,historical_rate,recent_rate,missing_score,hybrid_score
1-1-1-1-1,0.0393,0.02,0.0193,0.031272
1-2-1-0-1,0.0249,0.0,0.0249,0.024904
2-1-1-0-1,0.0239,0.0,0.0239,0.023946
0-1-1-1-2,0.023,0.0,0.023,0.022989
1-1-0-1-2,0.0297,0.02,0.0097,0.021693
1-1-0-2-1,0.0201,0.0,0.0201,0.020115
0-1-1-2-1,0.0278,0.02,0.0078,0.019778
1-0-2-1-1,0.0268,0.02,0.0068,0.01882
1-0-1-2-1,0.0182,0.0,0.0182,0.018199
1-1-1-2-0,0.0249,0.02,0.0049,0.016904
1-2-0-1-1,0.0268,0.04,0.0,0.016092
1-1-2-1-0,0.0153,0.0,0.0153,0.015326
2-1-1-1-0,0.0153,0.0,0.0153,0.015326
2-1-0-1-1,0.023,0.02,0.003,0.014989
0-1-2-1-1,0.0144,0.0,0.0144,0.014368
0-2-0-1-2,0.0144,0.0,0.0144,0.014368
0-2-1-0-2,0.0144,0.0,0.0144,0.014368
1-0-2-0-2,0.0134,0.0,0.0134,0.01341
2-0-1-1-1,0.022,0.04,0.0,0.013218
0-2-1-1-1,0.0211,0.02,0.0011,0.013073
1-1-1-0-2,0.0211,0.04,0.0,0.012644
2-1-0-0-2,0.0125,0.0,0.0125,0.012452
0-2-0-2-1,0.0125,0.0,0.0125,0.012452
0-2-2-1-0,0.0125,0.0,0.0125,0.012452
1-1-2-0-1,0.0201,0.02,0.0001,0.012115
1-0-1-1-2,0.0192,0.04,0.0,0.011494
1-2-1-1-0,0.0182,0.02,0.0,0.01092
2-0-1-2-0,0.0105,0.0,0.0105,0.010536
2-2-1-0-0,0.0105,0.0,0.0105,0.010536
2-1-0-2-0,0.0105,0.0,0.0105,0.010536
2-2-0-1-0,0.0096,0.0,0.0096,0.009579
0-2-2-0-1,0.0096,0.0,0.0096,0.009579
0-1-2-0-2,0.0086,0.0,0.0086,0.008621
0-1-0-2-2,0.0086,0.0,0.0086,0.008621
0-0-2-2-1,0.0144,0.02,0.0,0.008621
1-2-2-0-0,0.0134,0.02,0.0,0.008046
0-1-3-1-0,0.0077,0.0,0.0077,0.007663
2-1-2-0-0,0.0125,0.02,0.0,0.007471
2-0-2-0-1,0.0115,0.02,0.0,0.006897
2-0-0-2-1,0.0115,0.02,0.0,0.006897
1-0-0-1-3,0.0067,0.0,0.0067,0.006705
0-2-1-2-0,0.0067,0.0,0.0067,0.006705
0-1-0-3-1,0.0067,0.0,0.0067,0.006705
3-1-0-0-1,0.0067,0.0,0.0067,0.006705
0-1-3-0-1,0.0067,0.0,0.0067,0.006705
0-0-1-2-2,0.0067,0.0,0.0067,0.006705
0-1-2-2-0,0.0105,0.02,0.0,0.006322
1-2-0-0-2,0.0105,0.02,0.0,0.006322
0-0-2-1-2,0.0105,0.02,0.0,0.006322
0-1-1-0-3,0.0057,0.0,0.0057,0.005747
2-0-0-1-2,0.0096,0.04,0.0,0.005747
1-2-0-2-0,0.0096,0.04,0.0,0.005747
1-0-2-2-0,0.0096,0.04,0.0,0.005747
1-3-0-1-0,0.0057,0.0,0.0057,0.005747
1-1-0-0-3,0.0057,0.0,0.0057,0.005747
0-0-1-1-3,0.0057,0.0,0.0057,0.005747
0-1-1-3-0,0.0057,0.0,0.0057,0.005747
2-2-0-0-1,0.0086,0.04,0.0,0.005172
1-3-1-0-0,0.0048,0.0,0.0048,0.004789
3-2-0-0-0,0.0048,0.0,0.0048,0.004789
1-1-0-3-0,0.0048,0.0,0.0048,0.004789
1-0-1-0-3,0.0048,0.0,0.0048,0.004789
3-0-0-1-1,0.0048,0.0,0.0048,0.004789
1-0-3-0-1,0.0048,0.0,0.0048,0.004789
0-1-0-1-3,0.0048,0.0,0.0048,0.004789
0-0-3-1-1,0.0077,0.02,0.0,0.004598
2-0-1-0-2,0.0077,0.02,0.0,0.004598
1-0-1-3-0,0.0067,0.02,0.0,0.004023
0-3-0-1-1,0.0067,0.04,0.0,0.004023
0-3-1-1-0,0.0038,0.0,0.0038,0.003831
0-3-2-0-0,0.0038,0.0,0.0038,0.003831
1-1-3-0-0,0.0038,0.0,0.0038,0.003831
3-0-1-0-1,0.0057,0.02,0.0,0.003448
1-0-0-2-2,0.0057,0.04,0.0,0.003448
3-1-0-1-0,0.0057,0.02,0.0,0.003448
0-0-4-0-1,0.0029,0.0,0.0029,0.002874
0-0-2-0-3,0.0048,0.02,0.0,0.002874
1-0-0-4-0,0.0029,0.0,0.0029,0.002874
0-0-3-2-0,0.0029,0.0,0.0029,0.002874
3-1-1-0-0,0.0029,0.0,0.0029,0.002874
2-0-3-0-0,0.0029,0.0,0.0029,0.002874
1-0-3-1-0,0.0029,0.0,0.0029,0.002874
1-3-0-0-1,0.0048,0.02,0.0,0.002874
2-0-2-1-0,0.0029,0.0,0.0029,0.002874
2-3-0-0-0,0.0029,0.0,0.0029,0.002874
1-0-0-3-1,0.0029,0.0,0.0029,0.002874
3-0-1-1-0,0.0038,0.02,0.0,0.002299
0-3-1-0-1,0.0038,0.02,0.0,0.002299
2-0-0-0-3,0.0038,0.02,0.0,0.002299
3-0-2-0-0,0.0019,0.0,0.0019,0.001916
2-0-0-3-0,0.0019,0.0,0.0019,0.001916
0-2-0-0-3,0.0019,0.0,0.0019,0.001916
0-1-4-0-0,0.0019,0.0,0.0019,0.001916
0-0-0-4-1,0.0019,0.0,0.0019,0.001916
0-0-0-2-3,0.0019,0.0,0.0019,0.001916
0-0-3-0-2,0.0029,0.02,0.0,0.001724
0-3-0-0-2,0.0029,0.02,0.0,0.001724
0-3-0-2-0,0.001,0.0,0.001,0.000958
0-4-1-0-0,0.001,0.0,0.001,0.000958
0-2-3-0-0,0.001,0.0,0.001,0.000958
0-0-0-3-2,0.001,0.0,0.001,0.000958
0-0-1-3-1,0.001,0.0,0.001,0.000958
0-0-4-1-0,0.001,0.0,0.001,0.000958
3-0-0-2-0,0.001,0.0,0.001,0.000958
0-4-0-0-1,0.001,0.0,0.001,0.000958
1-0-4-0-0,0.001,0.0,0.001,0.000958
3-0-0-0-2,0.001,0.0,0.001,0.000958
4-0-0-1-0,0.001,0.0,0.001,0.000958
4-0-0-0-1,0.001,0.0,0.001,0.000958
4-0-1-0-0,0.001,0.0,0.001,0.000958
0-2-0-3-0,0.001,0.02,0.0,0.000575
