latest_draw_date,ticket_number,numbers,stars,main_matches_against_latest_known_draw,star_matches_against_latest_known_draw,note
2026-09-25,1,"6, 13, 36, 41, 50","3, 10",0,1,This compares generated tickets against the latest known draw only for post-build tracking; it is not a future prediction score.
2026-09-25,2,"4, 7, 32, 37, 50","9, 11",0,0,This compares generated tickets against the latest known draw only for post-build tracking; it is not a future prediction score.
2026-09-25,3,"9, 20, 44, 45, 48","6, 10",0,1,This compares generated tickets against the latest known draw only for post-build tracking; it is not a future prediction score.
2026-09-25,4,"16, 21, 34, 37, 43","2, 10",0,1,This compares generated tickets against the latest known draw only for post-build tracking; it is not a future prediction score.
2026-09-25,5,"7, 21, 32, 40, 50","5, 9",0,0,This compares generated tickets against the latest known draw only for post-build tracking; it is not a future prediction score.
2026-09-25,6,"10, 21, 34, 41, 44","2, 10",0,1,This compares generated tickets against the latest known draw only for post-build tracking; it is not a future prediction score.
2026-09-25,7,"17, 18, 36, 41, 48","8, 9",0,0,This compares generated tickets against the latest known draw only for post-build tracking; it is not a future prediction score.
2026-09-25,8,"17, 24, 39, 40, 41","2, 12",0,1,This compares generated tickets against the latest known draw only for post-build tracking; it is not a future prediction score.
2026-09-25,9,"17, 18, 32, 33, 41","2, 11",0,0,This compares generated tickets against the latest known draw only for post-build tracking; it is not a future prediction score.
2026-09-25,10,"4, 24, 41, 45, 48","5, 11",0,0,This compares generated tickets against the latest known draw only for post-build tracking; it is not a future prediction score.
