zone_signature,historical_rate,recent_rate,missing_score
1-0-1-2-1,0.0231,0.0,0.0231
2-1-1-0-1,0.0221,0.0,0.0221
2-1-1-1-0,0.0206,0.0,0.0206
1-2-1-0-1,0.0206,0.0,0.0206
0-1-2-1-1,0.0181,0.0,0.0181
1-1-0-2-1,0.0176,0.0,0.0176
1-1-2-1-0,0.0151,0.0,0.0151
0-2-0-1-2,0.0136,0.0,0.0136
0-2-1-0-2,0.0131,0.0,0.0131
1-0-2-0-2,0.0126,0.0,0.0126
0-2-2-1-0,0.0121,0.0,0.0121
0-2-2-0-1,0.0121,0.0,0.0121
0-1-2-0-2,0.0116,0.0,0.0116
2-1-0-0-2,0.0106,0.0,0.0106
0-2-1-2-0,0.0106,0.0,0.0106
0-2-0-2-1,0.0096,0.0,0.0096
2-0-1-2-0,0.0096,0.0,0.0096
2-1-0-2-0,0.0091,0.0,0.0091
2-2-0-1-0,0.0091,0.0,0.0091
1-3-1-0-0,0.0086,0.0,0.0086
0-1-0-2-2,0.0086,0.0,0.0086
0-0-1-2-2,0.0075,0.0,0.0075
3-0-1-0-1,0.007,0.0,0.007
2-2-1-0-0,0.007,0.0,0.007
1-2-0-1-1,0.0267,0.02,0.0067
0-1-3-1-0,0.0065,0.0,0.0065
0-1-0-3-1,0.0065,0.0,0.0065
0-3-1-1-0,0.0065,0.0,0.0065
2-0-2-1-0,0.006,0.0,0.006
0-1-3-0-1,0.006,0.0,0.006
1-1-1-1-1,0.0458,0.04,0.0058
1-3-0-1-0,0.0055,0.0,0.0055
1-0-3-1-0,0.0055,0.0,0.0055
3-1-0-0-1,0.005,0.0,0.005
1-0-0-1-3,0.005,0.0,0.005
0-1-1-3-0,0.005,0.0,0.005
0-1-1-0-3,0.005,0.0,0.005
1-1-0-1-2,0.0246,0.02,0.0046
1-0-2-1-1,0.0246,0.02,0.0046
3-0-0-1-1,0.0045,0.0,0.0045
3-1-1-0-0,0.0045,0.0,0.0045
1-0-1-0-3,0.0045,0.0,0.0045
1-0-3-0-1,0.0045,0.0,0.0045
1-1-0-3-0,0.0045,0.0,0.0045
1-1-0-0-3,0.0045,0.0,0.0045
0-1-1-2-1,0.0241,0.02,0.0041
0-1-0-1-3,0.004,0.0,0.004
1-0-0-3-1,0.0035,0.0,0.0035
1-1-3-0-0,0.0035,0.0,0.0035
0-0-1-1-3,0.0035,0.0,0.0035
2-0-0-3-0,0.0035,0.0,0.0035
0-3-2-0-0,0.0035,0.0,0.0035
0-0-0-4-1,0.003,0.0,0.003
3-2-0-0-0,0.003,0.0,0.003
2-0-3-0-0,0.003,0.0,0.003
0-0-1-3-1,0.003,0.0,0.003
3-0-0-0-2,0.003,0.0,0.003
0-0-3-2-0,0.003,0.0,0.003
0-0-4-0-1,0.003,0.0,0.003
2-3-0-0-0,0.0025,0.0,0.0025
3-0-2-0-0,0.0025,0.0,0.0025
0-2-0-0-3,0.0025,0.0,0.0025
0-0-3-0-2,0.0025,0.0,0.0025
0-0-0-2-3,0.002,0.0,0.002
0-1-4-0-0,0.002,0.0,0.002
4-0-0-0-1,0.002,0.0,0.002
1-0-0-4-0,0.002,0.0,0.002
1-1-2-0-1,0.0216,0.02,0.0016
1-0-4-0-0,0.0015,0.0,0.0015
0-3-0-2-0,0.0015,0.0,0.0015
0-0-0-3-2,0.0015,0.0,0.0015
0-2-3-0-0,0.0015,0.0,0.0015
0-4-0-0-1,0.0015,0.0,0.0015
1-1-1-2-0,0.0211,0.02,0.0011
0-1-1-1-2,0.0211,0.02,0.0011
0-4-1-0-0,0.001,0.0,0.001
3-0-0-2-0,0.001,0.0,0.001
0-0-0-5-0,0.0005,0.0,0.0005
0-0-0-1-4,0.0005,0.0,0.0005
4-0-1-0-0,0.0005,0.0,0.0005
0-0-2-3-0,0.0005,0.0,0.0005
0-0-1-0-4,0.0005,0.0,0.0005
0-1-0-0-4,0.0005,0.0,0.0005
0-0-4-1-0,0.0005,0.0,0.0005
0-4-0-1-0,0.0005,0.0,0.0005
4-0-0-1-0,0.0005,0.0,0.0005
0-2-1-1-1,0.0201,0.02,0.0001
1-2-1-1-0,0.0181,0.02,-0.0019
0-0-2-2-1,0.0126,0.02,-0.0074
2-0-2-0-1,0.0121,0.02,-0.0079
2-1-2-0-0,0.0116,0.02,-0.0084
2-0-1-0-2,0.0111,0.02,-0.0089
1-2-0-0-2,0.0111,0.02,-0.0089
1-2-2-0-0,0.0106,0.02,-0.0094
2-0-0-2-1,0.0101,0.02,-0.0099
1-0-1-3-0,0.0096,0.02,-0.0104
0-1-2-2-0,0.0091,0.02,-0.0109
0-0-2-1-2,0.0086,0.02,-0.0114
0-0-3-1-1,0.007,0.02,-0.013
0-3-0-1-1,0.007,0.02,-0.013
3-1-0-1-0,0.006,0.02,-0.014
1-3-0-0-1,0.005,0.02,-0.015
0-0-2-0-3,0.0045,0.02,-0.0155
0-3-1-0-1,0.004,0.02,-0.016
2-0-0-0-3,0.003,0.02,-0.017
0-3-0-0-2,0.0025,0.02,-0.0175
2-1-0-1-1,0.0221,0.04,-0.0179
0-2-0-3-0,0.001,0.02,-0.019
1-1-1-0-2,0.0206,0.04,-0.0194
2-0-1-1-1,0.0201,0.04,-0.0199
1-0-1-1-2,0.0191,0.04,-0.0209
2-2-0-0-1,0.0116,0.04,-0.0284
1-2-0-2-0,0.0091,0.04,-0.0309
1-0-2-2-0,0.0091,0.04,-0.0309
2-0-0-1-2,0.0086,0.04,-0.0314
1-0-0-2-2,0.0055,0.04,-0.0345
3-0-1-1-0,0.0055,0.04,-0.0345
