numbers,stars,zone_signature,hybrid_score,odd_even_score,low_high_score,sum_score,pair_score,triplet_score,gap_overdue_score,star_pattern_score,anti_crowd_score,duplicate_penalty,final_strategy_score,why_selected
"2, 12, 32, 33, 47","3, 6",1-1-0-2-1,50,100,100,100,100,40,100,100,80,0,98,Era 3 diversified random | Hybrid 60/40 zone 1-1-0-2-1 | Odd/even 2/3 | Low/high 2/3 | Sum 126 | Avg gap 12.4 | Star zone 1-1-0 | No exact historical duplicate
"19, 20, 32, 33, 49","3, 8",0-2-0-2-1,0,100,100,100,100,85,100,100,80,0,98,Era 3 diversified random | Hybrid 60/40 zone 0-2-0-2-1 | Odd/even 3/2 | Low/high 2/3 | Sum 153 | Avg gap 18.4 | Star zone 1-1-0 | No exact historical duplicate
"5, 10, 39, 43, 48","1, 2",2-0-0-1-2,0,100,100,100,100,40,100,100,80,0,98,Era 3 diversified random | Hybrid 60/40 zone 2-0-0-1-2 | Odd/even 3/2 | Low/high 2/3 | Sum 145 | Avg gap 14.2 | Star zone 2-0-0 | No exact historical duplicate
"10, 16, 32, 43, 49","5, 12",1-1-0-1-2,54,100,100,100,100,40,100,100,80,0,98,Era 3 diversified random | Hybrid 60/40 zone 1-1-0-1-2 | Odd/even 2/3 | Low/high 2/3 | Sum 150 | Avg gap 17.2 | Star zone 0-1-1 | No exact historical duplicate
"2, 20, 36, 39, 41","4, 5",1-1-0-2-1,50,100,100,100,100,40,100,100,80,0,98,Era 3 diversified random | Hybrid 60/40 zone 1-1-0-2-1 | Odd/even 2/3 | Low/high 2/3 | Sum 138 | Avg gap 19.8 | Star zone 1-1-0 | No exact historical duplicate
"4, 10, 38, 41, 43","2, 7",2-0-0-1-2,0,100,100,100,100,40,100,100,80,0,98,Era 3 diversified random | Hybrid 60/40 zone 2-0-0-1-2 | Odd/even 2/3 | Low/high 2/3 | Sum 136 | Avg gap 14.6 | Star zone 1-1-0 | No exact historical duplicate
"8, 16, 41, 43, 44","2, 9",1-1-0-0-3,0,100,100,100,100,40,100,100,80,0,98,Era 3 diversified random | Hybrid 60/40 zone 1-1-0-0-3 | Odd/even 2/3 | Low/high 2/3 | Sum 152 | Avg gap 14.6 | Star zone 1-0-1 | No exact historical duplicate
"3, 5, 40, 41, 44","6, 10",2-0-0-1-2,0,100,100,100,100,70,100,100,80,0,98,Era 3 diversified random | Hybrid 60/40 zone 2-0-0-1-2 | Odd/even 3/2 | Low/high 2/3 | Sum 133 | Avg gap 13.2 | Star zone 0-1-1 | No exact historical duplicate
"3, 6, 34, 35, 48","2, 12",2-0-0-2-1,0,100,100,100,100,40,100,100,80,0,98,Era 3 diversified random | Hybrid 60/40 zone 2-0-0-2-1 | Odd/even 2/3 | Low/high 2/3 | Sum 126 | Avg gap 14.2 | Star zone 1-0-1 | No exact historical duplicate
"5, 8, 34, 41, 48","1, 7",2-0-0-1-2,0,100,100,100,100,40,100,100,80,0,98,Era 3 diversified random | Hybrid 60/40 zone 2-0-0-1-2 | Odd/even 2/3 | Low/high 2/3 | Sum 136 | Avg gap 14.2 | Star zone 1-1-0 | No exact historical duplicate
